Pour que les tests fonctionnent, les dates d'absences doivent être inférieure à 3 ans
Pour que les tests fonctionnent, les dates d'absences doivent être inférieure à la date actuelle


*****************
GepiDataPopulator
*****************
2010-12-20 → 2013-12-23 → 2012-12-24

2010-12-01 → 2013-12-01 → 2012-12-01
2011-03-01 → 2014-03-01 → 2013-03-01
2011-07-01 → 2014-07-01 → 2013-07-01

vendredi    2010-10-01 → 2013-10-04 → 2012-10-05
samedi      2010-10-02 → 2013-10-05 → 2012-10-06
dimanche    2010-10-03 → 2013-10-06 → 2012-10-07
lundi       2010-10-04 → 2013-10-07 → 2012-10-08
mardi       2010-10-05 → 2013-10-08 → 2012-10-09
mercredi    2010-10-06 → 2013-10-09 → 2012-10-10
jeudi       2010-10-07 → 2013-10-10 → 2012-10-11
vendredi    2010-10-08 → 2013-10-11 → 2012-10-12
samedi      2010-10-09 → 2013-10-12 → 2012-10-13
dimanche    2010-10-10 → 2013-10-13 → 2012-10-14
lundi       2010-10-11 → 2013-10-14 → 2012-10-15
mardi       2010-10-12 → 2013-10-15 → 2012-10-16
mercredi    2010-10-13 → 2013-10-16 → 2012-10-17
jeudi       2010-10-14 → 2013-10-17 → 2012-10-18
vendredi    2010-10-15 → 2013-10-18 → 2012-10-19
samedi      2010-10-16 → 2013-10-19 → 2012-10-20
dimanche    2010-10-17 → 2013-10-20 → 2012-10-21
lundi       2010-10-18 → 2013-10-21 → 2012-10-22
mardi       2010-10-19 → 2013-10-22 → 2012-10-23
jeudi       2010-10-28 → 2013-10-31 → 2012-11-01
mardi       2010-11-02 → 2013-11-05 → 2012-11-06
lundi       2011-05-30 → 2014-05-26 → 2013-05-27
mardi       2011-05-31 → 2014-05-27 → 2013-05-28
mercredi    2011-06-01 → 2014-05-28 → 2013-05-29
jeudi       2011-06-02 → 2014-05-29 → 2013-05-30
vendredi    2011-06-03 → 2014-05-30 → 2013-05-31
lundi       2011-06-06 → 2014-06-02 → 2013-06-03
mardi       2011-06-07 → 2014-06-03 → 2013-06-04
mercredi    2011-06-08 → 2014-06-04 → 2013-06-05
jeudi       2011-06-09 → 2014-06-05 → 2013-06-06
vendredi    2011-06-10 → 2014-06-06 → 2013-06-07
samedi      2011-06-11 → 2014-06-07 → 2013-06-08
dimanche    2011-06-12 → 2014-06-08 → 2013-06-09
lundi       2011-06-13 → 2014-06-09 → 2013-06-10

***************
PeriodeNoteTest
***************
2010-08-31 → 2013-08-31 → 2012-08-31
2010-12-01 → 2013-12-01 → 2012-12-01
2011-03-02 → 2014-03-02 → 2013-03-02
2011-07-01 → 2014-07-01 → 2013-07-01

*********************
JTraitementSaisieTest
*********************
vendredi    2010-10-01 → 2013-10-04 → 2012-10-05
dimanche    2010-10-10 → 2013-10-13 → 2012-10-14

*********
EleveTest
*********
2010-08-30 → 2013-08-30 → 2012-08-30
2010-09-01 → 2013-09-01 → 2012-09-01
2010-09-02 → 2013-09-02 → 2012-09-02

jeudi       2010-09-30 → 2013-10-03 → 2012-10-04
vendredi    2010-10-01 → 2013-10-04 → 2012-10-05
samedi      2010-10-02 → 2013-10-05 → 2012-10-06
dimanche    2010-10-03 → 2013-10-06 → 2012-10-07
lundi       2010-10-04 → 2013-10-07 → 2012-10-08
mardi       2010-10-05 → 2013-10-08 → 2012-10-09
mercredi    2010-10-06 → 2013-10-09 → 2012-10-10
jeudi       2010-10-07 → 2013-10-10 → 2012-10-11
samedi      2010-10-09 → 2013-10-12 → 2012-10-13
dimanche    2010-10-10 → 2013-10-13 → 2012-10-14
mardi       2010-10-12 → 2013-10-15 → 2012-10-16
mercredi    2010-10-13 → 2013-10-16 → 2012-10-17
jeudi       2010-10-14 → 2013-10-17 → 2012-10-18
vendredi    2010-10-15 → 2013-10-18 → 2012-10-19
samedi      2010-10-16 → 2013-10-19 → 2012-10-20
dimanche    2010-10-17 → 2013-10-20 → 2012-10-21
lundi       2010-10-18 → 2013-10-21 → 2012-10-22
mardi       2010-10-19 → 2013-10-22 → 2012-10-23
mercredi    2010-10-20 → 2013-10-23 → 2012-10-24
jeudi       2010-10-21 → 2013-10-24 → 2012-10-25
dimanche    2010-10-24 → 2013-10-27 → 2012-10-28
samedi      2010-10-30 → 2013-11-03 → 2012-11-04
dimanche    2010-10-31 → 2013-11-04 → 2012-11-05
dimanche    2010-11-07 → 2013-11-10 → 2012-11-11
jeudi       2010-12-02 → 2013-12-05 → 2012-12-06
dimanche    2010-12-05 → 2013-12-08 → 2012-12-09
lundi       2011-05-30 → 2014-05-26 → 2013-05-27
            30-05-2011 → 26-05-2014 → 27-05-2013
mardi       2011-05-31 → 2014-05-27 → 2013-05-28
mercredi    2011-06-01 → 2014-05-28 → 2013-05-29
jeudi       2011-06-02 → 2014-05-29 → 2013-05-30
vendredi    2011-06-03 → 2014-05-30 → 2013-05-31
lundi       2011-06-06 → 2014-06-02 → 2013-06-03
mardi       2011-06-07 → 2014-06-03 → 2013-06-04
mercredi    2011-06-08 → 2014-06-04 → 2013-06-05
jeudi       2011-06-09 → 2014-06-05 → 2013-06-06
vendredi    2011-06-10 → 2014-06-06 → 2013-06-07

****************************
AbsenceEleveNotificationTest
****************************
samedi      2010-10-02 → 2013-10-05 → 2012-10-06

**********************
AbsenceEleveSaisieTest
**********************
mardi       2010-09-14 → 2013-09-17 → 2012-09-18
mercredi    2010-09-15 → 2013-09-18 → 2012-09-19
jeudi       2010-09-16 → 2013-09-19 → 2012-09-20
vendredi    2010-10-01 → 2013-10-04 → 2012-10-05
samedi      2010-10-02 → 2013-10-05 → 2012-10-06
dimanche    2010-10-03 → 2013-10-06 → 2012-10-07
lundi       2010-10-04 → 2013-10-07 → 2012-10-08
mardi       2010-10-05 → 2013-10-08 → 2012-10-09
mercredi    2010-10-06 → 2013-10-09 → 2012-10-10 
jeudi       2010-10-07 → 2013-10-10 → 2012-10-11
vendredi    2010-10-08 → 2013-10-11 → 2012-10-12
samedi      2010-10-09 → 2013-10-12 → 2012-10-13
dimanche    2010-10-10 → 2013-10-13 → 2012-10-14 
lundi       2010-10-11 → 2013-10-14 → 2012-10-15 
mardi       2010-10-12 → 2013-10-15 → 2012-10-16
mercredi    2010-10-13 → 2013-10-16 → 2012-10-17
vendredi    2010-10-15 → 2013-10-18 → 2012-10-19
lundi       2010-10-18 → 2013-10-21 → 2012-10-22
mardi       2011-05-31 → 2014-05-27 → 2013-05-28
mercredi    2011-06-01 → 2014-05-28 → 2013-05-29
jeudi       2011-06-02 → 2014-05-29 → 2013-05-30
vendredi    2011-06-03 → 2014-05-30 → 2013-05-31
mardi       2011-06-07 → 2014-06-03 → 2013-06-04
mercredi    2011-06-08 → 2014-06-04 → 2013-06-05
jeudi       2011-06-09 → 2014-06-05 → 2013-06-06
samedi      2011-06-11 → 2014-06-07 → 2013-06-08
dimanche    2011-06-12 → 2014-06-08 → 2013-06-09
lundi       2011-06-13 → 2014-06-09 → 2013-06-10

**************************
AbsenceEleveTraitementTest
**************************
vendredi    2010-10-01 → 2013-10-04 → 2012-10-05
samedi      2010-10-02 → 2013-10-05 → 2012-10-06
mardi       2010-10-05 → 2013-10-08 → 2012-10-09
jeudi       2010-10-14 → 2013-10-17 → 2012-10-18
dimanche    2010-10-17 → 2013-10-20 → 2012-10-21

*****************************
AbsenceAgregationDecompteTest
*****************************
vendredi    2010-10-01 → 2013-10-04 → 2012-10-05
samedi      2010-10-02 → 2013-10-05 → 2012-10-06
dimanche    2010-10-03 → 2013-10-06 → 2012-10-07
mardi       2010-10-05 → 2013-10-08 → 2012-10-09
mercredi    2010-10-06 → 2013-10-09 → 2012-10-10
dimanche    2010-10-10 → 2013-10-13 → 2012-10-14
samedi      2010-10-16 → 2013-10-19 → 2012-10-20
mardi       2010-10-19 → 2013-10-22 → 2012-10-23
mercredi    2010-10-20 → 2013-10-23 → 2012-10-24
lundi       2011-06-06 → 2014-06-02 → 2013-06-03

******************
testGetPeriodeNote
******************
2010 → 2013 → 
2011 → 2014 → 

**********
ClasseTest
**********
2009-12-01 → 2011-12-01
 → 2013-10-01 → 2012-10-02
 → 2013-12-10 → 2012-12-11
 → 2014-05-10 → 2013-05-11




